No;Tarih;Başlık;Hedef anahtar kelime;Arama niyeti;Küme;Önerilen slug;Bağlanacak mevcut iç sayfalar;Format;Öncelik;Not;Bölge / sektör
1;2026-10-12;Fidye Yazılımı Saldırısında İlk 24 Saat: Şirketler İçin Müdahale Planı;fidye yazılımı saldırısı ne yapmalı;bilgi;Siber güvenlik;fidye-yazilimi-saldirisi-ilk-24-saat;/siber-guvenlik/siber-guvenlik-danismanligi/ /bulut-yedekleme/felaket-kurtarma-disaster-recovery/ /bulut-yedekleme/veri-yedekleme-cozumleri/;Adım adım rehber + kontrol listesi;Yüksek;Saat saat aksiyon tablosu · fidye ödememe gerekçesi · yedekten dönüş. 1.800-2.400 kelime;Kocaeli ve İstanbul KOBİ'leri
2;2026-10-13;5651 Sayılı Kanun Log Tutma: Şirketler Neyi, Ne Kadar Saklamalı?;5651 log tutma;bilgi;Mevzuat ve uyum;5651-log-tutma-sirketler-rehberi;/siber-guvenlik/siem-ve-log-yonetimi/ /sistem-network/firewall-ve-vpn-cozumleri/;Rehber + SSS;Yüksek;Hukuki yorum yapma, resmi metne (mevzuat.gov.tr) atıf ver · zaman damgası, NTP, saklama. 1.800-2.400 kelime;Misafir Wi-Fi sunan işletmeler, fabrikalar
3;2026-10-14;IT Outsourcing mi, Kendi BT Ekibi mi? 2026 Maliyet Karşılaştırması;it outsourcing;ticari araştırma;IT yönetimi;it-outsourcing-mi-kendi-bt-ekibi-mi;/danismanlik/it-danismanlik-hizmetleri/ /sistem-network/it-bakim-ve-destek-hizmetleri/;Karşılaştırma tablosu;Yüksek;Rakam uydurma · maliyet kalemlerini tablo halinde göster (maaş, yedek personel, araç, eğitim). 1.800-2.400 kelime;20-200 çalışanlı şirketler
4;2026-10-15;SPF, DKIM ve DMARC Nedir? Kurumsal E-posta Sahteciliğini Önleme Rehberi;dmarc nedir;bilgi;Siber güvenlik;spf-dkim-dmarc-nedir;/bulut-yedekleme/microsoft-365-cozumleri/ /siber-guvenlik/siber-guvenlik-danismanligi/;Teknik rehber + örnek DNS kayıtları;Yüksek;Gmail/Yahoo gönderici kuralları, örnek kayıtlar, p=none → reject geçiş adımları. 1.800-2.400 kelime;
5;2026-10-16;Microsoft 365 Business Basic, Standard ve Premium Farkları;microsoft 365 business premium;ticari araştırma;Lisanslama;microsoft-365-business-basic-standard-premium-farki;/lisanslama/microsoft-365-lisanslama/ /bulut-yedekleme/microsoft-365-cozumleri/;Karşılaştırma tablosu;Yüksek;Fiyat yazma (değişken) · özellik tablosu ve hangi şirkete hangisi. 1.500-2.000 kelime;
6;2026-10-17;Oltalama (Phishing) Saldırıları: Çalışan Farkındalığı Nasıl Ölçülür?;phishing saldırısı;bilgi;Siber güvenlik;phishing-saldirisi-calisan-farkindaligi;/siber-guvenlik/siber-guvenlik-danismanligi/ /risk-skoru-testi/;Rehber + örnekler;Orta;Gerçek örnek e-posta işaretleri · simülasyon programı · risk skoru testine yönlendir. 1.500-2.000 kelime;
7;2026-10-18;KOBİ'ler İçin Firewall Seçimi: Fortinet, Sophos ve Palo Alto Karşılaştırması;firewall karşılaştırma;ticari araştırma;Ağ güvenliği;kobi-firewall-secimi-fortinet-sophos-palo-alto;/siber-guvenlik/firewall-ve-ag-guvenligi/ /lisanslama/siber-guvenlik-urunleri-lisanslama/ /isletmeler-icin-firewall/;Karşılaştırma tablosu;Yüksek;Tarafsız kal · kullanıcı sayısı, lisans modeli, yönetim kolaylığı. 1.800-2.400 kelime;
8;2026-10-19;3-2-1-1-0 Yedekleme Kuralı ve Değiştirilemez (Immutable) Yedek;3-2-1 yedekleme kuralı;bilgi;Yedekleme;3-2-1-yedekleme-kurali-immutable-yedek;/bulut-yedekleme/veri-yedekleme-cozumleri/ /lisanslama/veeam-lisanslama/ /sirket-veri-yedekleme-rehberi/;Rehber + şema;Yüksek;Fidye yazılımı yazısına (no 1) link ver. 1.500-2.000 kelime;
9;2026-10-20;EDR Nedir? Klasik Antivirüsten Farkı ve Ne Zaman Gerekir?;edr nedir;bilgi;Siber güvenlik;edr-nedir-antivirus-farki;/siber-guvenlik/edr-antivirus-cozumleri/ /lisanslama/siber-guvenlik-urunleri-lisanslama/;Rehber + karşılaştırma tablosu;Yüksek;EDR / XDR / MDR farkını tabloyla ver. 1.500-2.000 kelime;
10;2026-10-21;Zafiyet Taraması ile Sızma Testi Arasındaki Fark;zafiyet taraması;bilgi;Siber güvenlik;zafiyet-taramasi-sizma-testi-farki;/siber-guvenlik/guvenlik-acigi-ve-zafiyet-analizi/ /siber-guvenlik/sizma-testi-penetrasyon-testi/ /sizma-testine-hazirlik-rehberi/;Karşılaştırma tablosu;Yüksek;Hangi durumda hangisi, sıklık önerisi. 1.500-2.000 kelime;
11;2026-10-22;Sızma Testi Fiyatları 2026: Maliyeti Belirleyen 7 Faktör;sızma testi fiyatları;ticari;Siber güvenlik;sizma-testi-fiyatlari;/siber-guvenlik/sizma-testi-penetrasyon-testi/ /sizma-testine-hazirlik-rehberi/ /iletisim/;Rehber + teklif kontrol listesi;Çok yüksek;Kesin fiyat verme · kapsam, IP sayısı, uygulama sayısı, gri/siyah kutu. Teklif CTA. 1.500-2.000 kelime;Kocaeli ve İstanbul şirketleri
12;2026-10-23;VMware Lisans Değişikliği Sonrası Alternatifler: Hyper-V mi Proxmox mu?;vmware alternatifi;ticari araştırma;Sanallaştırma;vmware-alternatifi-hyper-v-proxmox;/sistem-network/sanallastirma-cozumleri/ /lisanslama/vmware-lisanslama/ /kurumsal-sanallastirma-hizmetleri-ve-avantajlari/;Karşılaştırma tablosu + geçiş planı;Yüksek;Broadcom abonelik modeli · geçiş riskleri. 1.800-2.400 kelime;
13;2026-10-24;Windows Server 2025 Lisanslama Rehberi: Çekirdek, CAL ve Sürüm Seçimi;windows server lisanslama;bilgi;Lisanslama;windows-server-2025-lisanslama-rehberi;/lisanslama/windows-server-sql-server-lisanslama/ /lisanslama/microsoft-lisanslama/;Rehber + hesaplama örneği;Orta;Örnek: 2 sunucu, 16 çekirdek hesap tablosu. 1.500-2.000 kelime;
14;2026-10-25;Active Directory Güvenliği: En Sık Yapılan 10 Hata;active directory güvenliği;bilgi;Sistem yönetimi;active-directory-guvenligi-10-hata;/sistem-network/sunucu-kurulum-ve-yonetimi/ /siber-guvenlik/guvenlik-acigi-ve-zafiyet-analizi/;Liste + düzeltme adımları;Orta;Domain admin kullanımı, LAPS, eski hesaplar, GPO. 1.500-2.000 kelime;
15;2026-10-26;Fabrikalarda OT ve IT Ağ Ayrımı: Üretim Hattını Siber Saldırılardan Korumak;ot ağ güvenliği;bilgi;Ağ güvenliği;fabrika-ot-it-ag-ayrimi;/sistem-network/ag-altyapisi-kurulum-ve-yonetimi/ /siber-guvenlik/firewall-ve-ag-guvenligi/;Rehber + şema;Yüksek;VLAN, segmentasyon, PLC/SCADA erişimi · yerel örnek ver. 1.800-2.400 kelime;Gebze, Dilovası ve TOSB'deki üretim firmaları
16;2026-10-27;SIEM Nedir? KOBİ'ler İçin Log Yönetimi Nereden Başlar?;siem nedir;bilgi;Siber güvenlik;siem-nedir-kobi-log-yonetimi;/siber-guvenlik/siem-ve-log-yonetimi/ /yazilim-urunlerimiz/cyberquan/;Rehber;Orta;5651 yazısına (no 2) link ver. 1.500-2.000 kelime;
17;2026-10-28;DLP Nedir? Şirket Verisinin E-posta ve USB ile Sızmasını Önlemek;dlp nedir;bilgi;Siber güvenlik;dlp-nedir-veri-sizintisi-onleme;/siber-guvenlik/dlp-veri-kaybi-onleme-cozumleri/ /yazilim-urunlerimiz/cyberquan/;Rehber + senaryolar;Orta;Ayrılan çalışan senaryosu. 1.500-2.000 kelime;
18;2026-10-29;Kurumsal Wi-Fi Kurulumu: Misafir Ağı, Kapsama ve Güvenlik;kurumsal wifi kurulumu;ticari araştırma;Ağ altyapısı;kurumsal-wifi-kurulumu-misafir-agi;/sistem-network/wifi-ve-kablosuz-ag-cozumleri/ /sistem-network/ag-altyapisi-kurulum-ve-yonetimi/;Rehber + kontrol listesi;Orta;Site survey, misafir ağı izolasyonu, 5651 bağlantısı. 1.500-2.000 kelime;Ofis, depo ve fabrika
19;2026-10-30;IT Bakım Anlaşması (SLA) Neleri Kapsamalı? Sözleşme Kontrol Listesi;it bakım anlaşması;ticari;IT yönetimi;it-bakim-anlasmasi-sla-kontrol-listesi;/sistem-network/it-bakim-ve-destek-hizmetleri/ /danismanlik/it-danismanlik-hizmetleri/;Kontrol listesi;Yüksek;Yanıt süresi, yerinde destek, kapsam dışı işler. 1.500-2.000 kelime;
20;2026-10-31;RTO ve RPO Nedir? İş Sürekliliği Hedefleri Nasıl Belirlenir?;rto rpo nedir;bilgi;Yedekleme;rto-rpo-nedir;/bulut-yedekleme/felaket-kurtarma-disaster-recovery/ /bulut-yedekleme/is-surekliligi-cozumleri/ /bilisimde-felaket-kurtarma-plani/;Rehber + örnek tablo;Orta;Sistem bazında örnek RTO/RPO tablosu. 1.500-2.000 kelime;
21;2026-11-01;Microsoft 365 Yedeklemesi Gerekli mi? Microsoft Neyi Korumaz?;microsoft 365 yedekleme;ticari araştırma;Yedekleme;microsoft-365-yedekleme-gerekli-mi;/bulut-yedekleme/microsoft-365-cozumleri/ /bulut-yedekleme/veri-yedekleme-cozumleri/ /lisanslama/veeam-lisanslama/;Rehber;Yüksek;Paylaşılan sorumluluk modeli · saklama süreleri. 1.500-2.000 kelime;
22;2026-11-02;Azure mı AWS mi? Türk Şirketleri İçin Bulut Seçim Rehberi;azure aws karşılaştırma;ticari araştırma;Bulut;azure-mi-aws-mi;/bulut-yedekleme/microsoft-azure-cozumleri/ /bulut-yedekleme/aws-bulut-cozumleri/ /kurumsal-cloud-hizmetleri-ve-bulut-altyapi/;Karşılaştırma tablosu;Orta;Veri yerelliği/KVKK yurt dışı aktarım notu · bölge seçimi. 1.800-2.400 kelime;
23;2026-11-03;Şirket Sunucu Odası Kurulumu: Kabinet, Soğutma, UPS ve Kontrol Listesi;sunucu odası kurulumu;ticari;Altyapı;sunucu-odasi-kurulumu-kontrol-listesi;/sistem-network/veri-merkezi-cozumleri/ /sistem-network/sunucu-kurulum-ve-yonetimi/;Kontrol listesi;Orta;Fotoğraflı anlatım öner (kendi kurulumlarınızdan). 1.500-2.000 kelime;Kocaeli fabrikaları
24;2026-11-04;Uzaktan Çalışmada Güvenli Erişim: VPN mi, ZTNA mı?;kurumsal vpn;bilgi;Ağ güvenliği;uzaktan-calisma-vpn-ztna;/sistem-network/firewall-ve-vpn-cozumleri/ /siber-guvenlik/firewall-ve-ag-guvenligi/;Karşılaştırma;Orta;MFA yazısıyla (no 26) bağ kur. 1.500-2.000 kelime;
25;2026-11-05;Logo ERP Sunucusu: Performans, SQL Yedekleme ve Güvenlik Önerileri;logo sql yedekleme;ticari;ERP ve veritabanı;logo-erp-sunucu-sql-yedekleme;/danismanlik/logo-erp-destek-ve-danismanlik/ /yazilim-dijital/erp-entegrasyonlari/ /sql-optimizasyonu/;Teknik rehber;Yüksek;Logo kullanan KOBİ'lerin yaygın sorunları · bakım planı. 1.500-2.000 kelime;Logo kullanan üretim ve ticaret firmaları
26;2026-11-06;Çok Faktörlü Doğrulama (MFA) Nedir? Şirkette Adım Adım Kurulum;mfa nedir;bilgi;Siber güvenlik;mfa-nedir-sirkette-kurulum;/bulut-yedekleme/microsoft-365-cozumleri/ /siber-guvenlik/siber-guvenlik-danismanligi/;Adım adım rehber;Orta;Conditional Access, kullanıcı direnci nasıl yönetilir. 1.500-2.000 kelime;
27;2026-11-07;Microsoft Lisans Denetimine (Audit) Hazırlık: Şirketler İçin Kontrol Listesi;microsoft lisans denetimi;bilgi;Lisanslama;microsoft-lisans-denetimi-hazirlik;/lisanslama/microsoft-lisanslama/ /lisanslama/kurumsal-yazilim-lisanslama/;Kontrol listesi;Orta;Envanter çıkarma, lisans eşleştirme, yaygın açıklar. 1.500-2.000 kelime;
28;2026-11-08;Gebze ve Kocaeli'de Kurumsal IT Desteği Seçerken 7 Kriter;gebze it destek;ticari;Yerel;gebze-kocaeli-kurumsal-it-destegi-secimi;/sistem-network/it-bakim-ve-destek-hizmetleri/ /danismanlik/it-danismanlik-hizmetleri/ /referanslar/ /iletisim/;Liste + kontrol listesi;Çok yüksek;Yerel sinyal: Gebze, Darıca, Çayırova, Dilovası, İzmit · yerinde müdahale süresi · referanslar. 1.500-2.000 kelime;Gebze, Darıca, Çayırova, Dilovası
29;2026-11-09;Siber Güvenlik Bütçesi Nasıl Planlanır? KOBİ'ler İçin Önceliklendirme;siber güvenlik bütçesi;ticari araştırma;Siber güvenlik;siber-guvenlik-butcesi-planlama;/siber-guvenlik/siber-guvenlik-danismanligi/ /risk-skoru-testi/ /siber-guvenlik/sizma-testi-penetrasyon-testi/;Rehber + öncelik matrisi;Orta;Önce yedek ve MFA, sonra EDR, sonra test · risk skoru testine CTA. 1.500-2.000 kelime;
30;2026-11-10;NIS2 ve Tedarik Zinciri: Avrupa'ya İhracat Yapan Üreticiler Ne Yapmalı?;nis2 tedarik zinciri;bilgi;Mevzuat ve uyum;nis2-ihracatci-ureticiler;/siber-guvenlik/siber-guvenlik-danismanligi/ /siber-guvenlik/sizma-testi-penetrasyon-testi/;Rehber;Yüksek;Hukuki yorum yapma · AB müşterilerinin tedarikçiden istediği güvenlik belgeleri. Belgelendirme kısmında ISO 27001 için kardeş siteye yönlendir. 1.800-2.400 kelime;Kocaeli otomotiv ve makine yan sanayi
